5002569	Kuu on kirkas	Eigenschaft mit „sein“	kuu ist das Subjekt („der Mond“), on das Verb („ist“) und kirkas die Eigenschaft („hell“). Finnisch braucht hier keinen Artikel wie „der“.
1971964	On liian kylmä	Unpersönlicher Ausdruck	Ein deutsches „es“ wird hier nicht eigens ausgedrückt: on liian kylmä = „es ist zu kalt“. liian bedeutet „zu“ vor einer Eigenschaft.
5788816	Kiinnostavaa	Verkürzter Ausruf	kiinnostavaa ist der Partitiv von kiinnostava („interessant“). Die Form bewertet hier eine Sache oder Situation: „Interessant!“; ein ganzer Satz ist nicht nötig.
7499245	Pahoittelut tästä	Entschuldigung mit Bezug	pahoittelut ist eine feste Entschuldigungsformel im Plural. tästä bedeutet „dafür / wegen dieser Sache“ und ist eine Form von tämä („dies“).
6950818	Hyvä huomio	Adjektiv vor dem Nomen	hyvä beschreibt huomio: „gute Beobachtung / guter Hinweis“. Beide Wörter stehen hier im Nominativ Singular; ein Verb ist in diesem kurzen Kommentar nicht nötig.
6941744	Mukavaa koulupäivää	Wunsch im Partitiv	Bei guten Wünschen steht das Gewünschte häufig im Partitiv: mukavaa koulupäivää = „einen schönen Schultag“. Adjektiv und Nomen tragen beide die passende Fallform.
7665547	Tämä on sairaala	Etwas benennen	tämä = „dies/das“, on = „ist“, sairaala = „Krankenhaus“. Finnisch hat keinen unbestimmten Artikel; „ein“ wird aus dem Zusammenhang ergänzt.
7632431	Kaksi aikuistenlippua	Zahl und Partitiv Singular	Nach kaksi („zwei“) steht das gezählte Nomen hier im Partitiv Singular: aikuistenlippu → aikuistenlippua. Obwohl zwei gemeint sind, steht das Nomen nicht im Plural.
7459500	Nimi ja osoite	Verkürzte Bitte	ja verbindet die beiden Nomen: „Name und Adresse“. Mit kiitos entsteht eine höfliche Kurzform einer Bitte, ohne dass ein vollständiger Verbsatz nötig ist.
3215025	Anteeksi	Feste Höflichkeitsformel	anteeksi wird als eigenständige Entschuldigung oder höfliche Einleitung gebraucht: „Entschuldigung!“. Lerne es zunächst als ganze Wendung.
1614474	Kiitos	Feste Höflichkeitsformel	kiitos kann allein „Danke!“ bedeuten. In einer Bestellung kann dieselbe Formel auch einer höflichen Bitte entsprechen: „…, bitte“.
752738	Näkemiin	Feste Abschiedsformel	näkemiin ist eine feste Wendung für „auf Wiedersehen“. Sie hängt mit nähdä („sehen“) zusammen; zum Einstieg lernst du sie am besten als ganze Formel.
879595	Tuolla on poika	Es gibt / dort ist	tuolla nennt zuerst den Ort („dort“), danach folgen on („ist“) und die neu eingeführte Person. Ein zusätzliches finnisches Wort für „es“ wird nicht gebraucht.
3756698	Hienoa työtä	Lob im Partitiv	hienoa und työtä stehen im Partitiv Singular: „tolle Arbeit!“. työ verändert dabei seinen Stamm; die beiden Wörter passen im Fall zusammen.
1012592	Entä sinä	Verkürzte Rückfrage	entä leitet eine Rückfrage oder ein neues Thema ein: „und du? / was ist mit dir?“. Das aus dem Gespräch bekannte Verb wird weggelassen.
3170244	On keskiyö	Zeitangabe ohne „es“	„Es ist Mitternacht“ kommt im Finnischen ohne ein ausgesprochenes Subjekt aus: on keskiyö. on ist die dritte Person Singular von olla.
2757289	On pilvistä	Wetterausdruck	pilvistä ist die Partitivform von pilvinen („bewölkt“). Wetter und Umgebungszustände werden oft mit on + Partitiv beschrieben, ohne ein Wort für „es“.
2746013	On joulu	Zeitangabe ohne „es“	„Es ist Weihnachten“ heißt on joulu. Das deutsche „es“ hat hier kein eigenes finnisches Gegenstück im Satz.
13785175	Kivi on kova	Eigenschaft im Nominativ	kivi ist ein einzelner zählbarer Gegenstand („Stein“). Das beschreibende Adjektiv kova („hart“) steht hier im Nominativ Singular.
13678361	Ruusu on kukka	Etwas einordnen	Der Satz ordnet ruusu („Rose“) der Gruppe kukka („Blume“) zu. Beide Nomen stehen im Nominativ Singular; Artikel werden nicht verwendet.
13622687	Kahvi on kylmää	Eigenschaft eines Stoffes	kahvi meint hier Kaffee als Stoff, keine einzelne abgegrenzte Sache. Deshalb steht das beschreibende Adjektiv im Partitiv: kylmä → kylmää („kalt“).
13434578	Tämä on viivoitin	Etwas benennen	tämä („dies/das“) zeigt auf eine Sache, on verbindet sie mit ihrer Bezeichnung viivoitin („Lineal“). Ein Wort für den deutschen Artikel „ein“ ist nicht nötig.
8620816	Olepa hyvä	Höfliche Wendung	ole ist die Aufforderungsform von olla. -pa verleiht der Wendung eine gesprächsbezogene Nuance; olepa hyvä wird als „bitte schön“ gebraucht.
5320526	Hyvä tietää	Verkürzte Bewertung	tietää ist die Grundform „wissen“. Hyvä tietää bedeutet „gut zu wissen“; die kurze Wendung lässt ein ausdrückliches „das ist“ weg.
5550501	On poikkeuksia	Unbestimmte Mehrzahl	poikkeuksia ist der Partitiv Plural von poikkeus („Ausnahme“). „Es gibt Ausnahmen“ nennt keine bestimmte abgeschlossene Gruppe; das Verb bleibt hier on im Singular.
7591744	se on valmis	Zustand beschreiben	se ist „es/das“, on „ist“ und valmis „fertig/bereit“. Das Adjektiv steht hier im Nominativ Singular.
7288062	Tomin radio	Besitzer im Genitiv	Tomi → Tomin: Die Endung -n zeigt hier den Besitzer. Tomin radio bedeutet „Tomis Radio“. on rikki ist die feste Verbindung „ist kaputt“.
7288052	Tomin äiti	Besitzer im Genitiv	Tomin ist der Genitiv von Tomi: „Tomis“. Er steht vor äiti („Mutter“) und zeigt an, wessen Mutter gemeint ist.
7082332	Hän on todella kaunis	Pronomen ohne Geschlecht	hän kann „er“ oder „sie“ heißen; das Pronomen unterscheidet kein Geschlecht. todella verstärkt das Adjektiv kaunis: „wirklich schön“.
335657	Suomen pääkaupunki	Genitiv vor dem Nomen	Suomi → Suomen: „Finnlands“. Suomen pääkaupunki heißt „Finnlands Hauptstadt“. mikä fragt hier nach ihrer Identität: „welche/was?“.
6633712	oppii	Präsens oder Vergangenheit	oppii heißt „er/sie lernt“, oppi heißt „er/sie lernte“. Der doppelte Vokal unterscheidet hier Gegenwart und Vergangenheit; Grundform ist oppia.
1960255	tulokseen	Adjektiv mit festem Fall	tulos → tulokseen ist der Illativ. tyytyväinen verlangt diese Form für das, womit jemand zufrieden ist: tyytyväinen tulokseen = „mit dem Ergebnis zufrieden“.
3569346	isona	Zustand mit -na/-nä (Essiv)	iso → isona bedeutet hier „wenn du groß bist“. Der Essiv beschreibt eine Rolle oder einen Zustand; haluat olla heißt „du willst sein/werden“.
3641012	mielestäsi	Eine Meinung ausdrücken	mielestäsi bedeutet „deiner Meinung nach“. Die Wendung enthält die Besitzendung -si („dein“). olenko fragt „bin ich?“.
7074886	huono hetki	Adjektiv und Nomen	huono („schlecht/ungünstig“) beschreibt hetki („Moment“). Beide stehen im Nominativ Singular: „ein ungünstiger Zeitpunkt“.
6881455	tuo ruskea rakennus	Nomen mit Begleitern	tuo zeigt auf etwas („jenes/das dort“), ruskea beschreibt die Farbe („braun“) und rakennus benennt es („Gebäude“). Alle drei stehen hier im Nominativ Singular.
5731516	monta kirjaa	Menge mit Partitiv	kuinka monta fragt „wie viele?“. Danach steht das Nomen im Partitiv Singular: kirjaa. Diese Form entsteht hier durch die Mengenangabe, nicht durch eine unabgeschlossene Lesehandlung.
5147544	omenan	Ein ganzes Objekt	omena → omenan: Gemeint ist ein ganzer Apfel. Das vollständige Objekt steht hier in einer Form auf -n, anders als eine unbestimmte Menge im Partitiv.
13040988	huoneen	Ein ganzes Objekt	huone → huoneen: Der Raum wird als ganzer Gegenstand des Sehens betrachtet. Die Objektform trägt hier -n; haluan nähdä heißt „ich will sehen“.
12147617	kissanpennun	Ein ganzes Objekt	kissanpentu → kissanpennun: Gemeint ist ein Kätzchen als Ganzes. Bei der Objektform auf -n verändert sich außerdem nt zu nn.
4935863	hänet	Objektform des Pronomens	hänet ist die besondere Akkusativform von hän: „ihn/sie“ als vollständiges Objekt. Vergleiche hän als Subjekt und häntä im Partitiv.
5402242	Tomista tuli opettaja	Werden als Veränderung	„Tomi wurde Lehrer“ wird mit Tomista („aus Tomi“) + tuli („wurde/kam“) + opettaja ausgedrückt. Die Person, die sich verändert, steht hier im Elativ.
5391140	toiseksi	Ergebnis mit -ksi (Translativ)	toinen → toiseksi: „als Zweiter / auf den zweiten Platz“. Die Endung -ksi bezeichnet hier das Ergebnis einer Veränderung oder Platzierung.
7033989	olla nauramatta	Ohne etwas zu tun	olla nauramatta bedeutet „nicht lachen“. nauramatta enthält -matta, die Form für „ohne zu …“, statt einer Verneinung mit ei.
3553421	luottaa heihin	Verb mit festem Fall	luottaa („vertrauen“) verlangt den Illativ: he → heihin. Deshalb heißt „ihnen vertrauen“ luottaa heihin, obwohl Deutsch hier den Dativ verwendet.
7084911	luottaa heihin	Verb mit festem Fall	luottaa („vertrauen“) verlangt heihin, den Illativ von he. Lerne die Verbindung zusammen: luottaa johonkuhun = „jemandem vertrauen“.
6930589	mitään menetettävää	Nichts zu verlieren	mitään ist hier „irgendetwas“ unter Verneinung, also „nichts“. menetettävää ist eine Partizipform im Partitiv: „etwas zu Verlierendes“.
335605	mitään salattavaa	Nichts zu verbergen	salattavaa ist eine Partizipform im Partitiv: „etwas zu Verbergendes“. Zusammen mit ei ole mitään wird daraus „nichts zu verbergen haben“.
354153	Uimaan oppiminen	Eine Tätigkeit als Nomen	oppia → oppiminen: „das Lernen“. Die Form auf -minen macht die Tätigkeit zum Nomen und hier zum Satzsubjekt. uimaan nennt, was gelernt wird: schwimmen.
6771673	siirtämisessä	Tätigkeit mit Fallendung	siirtää → siirtäminen → siirtämisessä: „beim Verschieben/Bewegen“. Aus dem Verb wird ein Nomen auf -minen, das anschließend die -ssa-Form erhält.
6830224	kahdeksan tuntia päivässä	Dauer und Häufigkeit	Nach kahdeksan („acht“) steht tuntia im Partitiv Singular. päivässä heißt in dieser Mengenangabe „pro Tag“.
335577	viikkoon	Zeitspanne unter Verneinung	viikkoon bedeutet hier „seit einer Woche / eine Woche lang nicht“. Die Illativform bezeichnet in diesem verneinten Satz den Zeitraum, in dem etwas nicht möglich war.
6952546	itselleni	Für sich selbst	itse-lle-ni: „für mich selbst“. -lle bezeichnet den Empfänger, -ni die ich-Person. Das Wort bezieht sich auf die handelnde Person zurück.
3278536	kanssasi	Mit dir	kanssasi bedeutet „mit dir“. kanssa bedeutet „mit“; die Besitzendung -si steht hier für „dein/dir“ und gehört zur Wendung.
12735818	minua paleltaa	Empfindung ohne persönliches Subjekt	minua steht im Partitiv und nennt die Person, die friert. paleltaa bleibt in der dritten Person Singular: minua paleltaa = „mir ist kalt“.
4425371	sinua väsyttää	Empfindung mit Partitiv	sinua nennt die betroffene Person im Partitiv. sinua väsyttää bedeutet „du bist müde / dich macht es müde“; das Verb steht in der dritten Person Singular.
6795053	Minusta	Eine Meinung ausdrücken	minusta bedeutet hier „meiner Meinung nach / ich finde“. Die -sta-Form zeigt in dieser Wendung keine räumliche Herkunft an.
6924745	monimutkaiselta	Eindruck mit -lta/-ltä	kuulostaa („klingen“) verbindet sich hier mit einem Adjektiv in der -lta-Form: monimutkainen → monimutkaiselta. Die ganze Verbindung heißt „klingt kompliziert“.
335779	kelloni mukaan	Nach meiner Uhr	mukaan steht hier nach dem Ausdruck für den Maßstab: „laut/nach meiner Uhr“. kelloni enthält -ni („mein“); die ganze Verbindung gibt an, worauf sich die Zeitangabe stützt.
