2123229	Das ist ein Hotel.
2135533	Er hat mein Fahrrad gefunden.
2793732	Tom wird uns morgen nicht helfen.
3208667	Kopf hoch!
3464360	Du kannst nicht weglaufen.
3464361	Ihr könnt nicht weglaufen.
3464364	Du hast ein blaues Auge.
3464382	Du siehst stark aus.
3464383	Du wirkst stark.
3464402	Ich bin froh, dass es Tom gut geht.
3480107	Die Schlacht fand hier statt.
3484396	Das freut mich zu hören.
3484397	Ich bin froh, dass es Tom gefallen hat.
3484406	Ich bin nicht unorganisiert.
3484413	Ich muss Tom jetzt finden.
3484414	Ich muss Tom jetzt finden.
3484426	Ich bin nicht groß.
3484427	Ich hoffe, Tom sieht das.
3525248	Erwartest du wirklich, dass Tom dir die Wahrheit sagt?
3525255	Ich wünschte, Tom würde sich beeilen.
3525256	Ich habe Mary um ein Date gebeten.
3525260	Ich kann Tom nicht beschützen.
3525262	Ich kann Tom nicht beschützen.
3525269	Könnte ich meine Waffe zurückbekommen?
3525679	Können wir Tom interviewen?
3525680	Kann ich mir das ausleihen?
3525681	Kann ich mir das ausleihen?
3525704	Stecken wir schon wieder in Schwierigkeiten?
3525705	Wir haben nichts angefasst.
3525706	Wir sind gekommen, um uns zu entschuldigen.
3525708	Wir haben dir einen Kuchen gemacht.
3525709	Wir haben dir einen Kuchen zubereitet.
3525710	Das ist eine große Entscheidung.
3542259	Tom wollte die Würmer nicht essen, obwohl sie viel Eiweiß enthielten.
3553405	Ich bin nicht pessimistisch.
3553409	Das habe ich Tom gestohlen.
3553413	Kannst du die Tür öffnen?
3553414	Bekomme ich meine Waffe zurück?
3553415	Kann ich ein Bier bekommen?
3553416	Könnte ich eine Tasse Kaffee bekommen?
3553420	Kannst du das reparieren?
3553435	Tom möchte ein größeres Büro.
3553436	Tom möchte ein größeres Büro.
3553437	Tom will ein größeres Büro.
3573529	Die Toilette ist schmutzig.
3596617	Kann ich mir ein Hemd ausleihen?
3596618	Möchtest du Tee?
3596628	Kannst du aufhören zu schreien?
3600107	Es war eine kleine Hochzeit.
3600764	Sie hätten dich töten können.
3630287	Gehst du jeden Tag zu Fuß zur Schule?
3641015	Tom ist außergewöhnlich gut aussehend.
3871035	Tomi ist keine Bedrohung.
3871036	Das alles ist mir fremd.
3871823	Du bringst mich zum Erröten.
3871834	Ich liebe deinen Bart.
3871835	Trinken wir noch ein Bier.
3871836	Trinken wir noch ein Bier.
3874601	Wem gehört das Auto dort?
3874603	Ich hasse diese Katze.
3968353	Dieser Knoten ist locker.
4003392	Lerne von jetzt an fleißiger.
4036299	Vögel bauen Nester.
4066210	Wir haben Schach gespielt.
4066217	Du bist grausam.
4066219	Ihr seid grausam.
4123460	Hast du mit Tom geflirtet?
4125149	Ich glaube, Tom wird nie wieder mit mir sprechen.
4135763	Tomi ging in einen Vergnügungspark.
4143963	Tomi ist Blogger.
4144001	Lässt du dir einen Bart wachsen?
4144007	Die Frau dort ist schön.
4144524	Ich habe Gänsehaut.
4144629	Alle drehten durch.
4144655	Ich nahm die Herausforderung an.
4144656	Wer hat den Stuhl kaputt gemacht?
4144657	Mein Flug wurde gestrichen.
4144659	Meine Freundin ist Kanadierin.
4145269	Wir haben uns auf einer Kreuzfahrt kennengelernt.
4145270	Wir haben uns auf einer Kreuzfahrt kennengelernt.
4145275	Ich hätte fast angefangen zu weinen.
4145277	Ich möchte Schach spielen.
4145297	Wo habe ich meine Jacke hingelegt?
4145311	Das Problem ist kompliziert.
4145312	Ich war nicht überzeugt.
4145318	Ich habe keine Angst vor Bullen.
4145329	Pass auf, dass du nicht zu viel isst.
4148293	Wir sind nicht verwandt.
4148297	Wer zahlt die Miete?
4148337	Früher war ich reich.
4148340	Ich habe keinen Reis bestellt.
4148375	Merk dir diese Regel.
4149761	Ich nahm an einem Seminar teil.
4149762	Ich nahm an dem betreffenden Seminar teil.
4149765	Ich war etwas erschüttert.
4149766	Ich stand ein bisschen unter Schock.
4149782	Manchmal zittern meine Hände.
4149786	Du bist wirklich schlecht in Form.
4149787	Wo sind meine Schuhe?
4149788	Wo sind meine Schuhe?
4149794	Ich wurde verarscht.
4153714	Tomi sprang über den Graben.
4155293	Wir essen bald.
4155310	Normalerweise schnarche ich nicht.
4155311	Schnarchst du?
4155312	Ich habe einen Schneemann gebaut.
4156385	Der Motor springt nicht an.
4156397	Es tut mir furchtbar leid.
4156400	Mein Auto wurde gestohlen.
4156401	Mein Auto wurde geklaut.
4156407	Ich brauche Untertitel.
4164703	Ich habe vergessen, das zu tun.
4164705	Ich habe vergessen, das zu tun.
4164717	Reden wir nicht darüber.
4164720	Tomi hätte Mari nichts davon erzählen sollen.
4164723	Was ist daran lustig?
4170833	Warum hast du sie angelogen?
4170837	Mein Büro ist dort drüben.
4170843	Ich empfehle das hier.
4170845	Das esse ich nicht.
4170855	Sie lügen ständig.
4172243	Tomi ist heute nicht zur Arbeit gekommen.
4172257	Du bist bestimmt müde.
4172278	Gehen wir zusammen Mittag essen.
4172279	Essen wir zusammen.
4172281	Essen wir zusammen.
4172283	Essen wir zusammen.
4172284	Essen wir zusammen.
4172287	Wohin bist du gezogen?
4172888	Hast du schon einmal Golf gespielt?
4172903	Ich habe Tomi die Hand geschüttelt.
4172910	Sei nicht böse auf Tomi.
4173048	Ich werde es Tomi gegenüber erwähnen.
4173051	Ich werde Tomi davon erzählen.
4173095	Gib mir den Zucker, Tomi.
4173100	Ich beneide dich, Tomi.
4174381	Ich bin mit dem Zug dorthin gefahren.
4174535	Das geht auf mich.
4174538	Sie kommen am Abend an.
4181784	Ich kann es versuchen.
4181787	Tomi musste Mari die Wahrheit sagen.
4181797	Ich habe Lust, fernzusehen.
4181800	Ich habe Lust, fernzusehen.
4183242	Tomi schoss mit seinem Gewehr.
4183315	Das habe ich mir ausgedacht.
4183327	Tomi war anderer Meinung als wir.
4183956	Bist du immer noch böse auf uns?
4186269	Machst du dir Sorgen um uns?
4186272	Ich möchte nützlich sein.
4186279	Tu etwas Nützliches.
4186292	Sie sind alle im Urlaub.
4186326	Möchtest du Kekse?
4186327	Darf es etwas Gebäck sein?
4186328	Möchtest du Kekse?
4186339	Tomi ging ohne Vorwarnung.
4186347	Meine Eltern sind zu Besuch.
4186348	Meine Eltern sind zu Besuch.
4186359	Ich habe mein Portemonnaie vergessen.
4186364	Welche Geschmacksrichtung möchtest du?
4186943	Ich bin kein Sonderling.
4186945	Schau in den Brunnen.
4186948	Ist die Operation gut verlaufen?
4188083	Tomi hat nicht einmal versucht zu helfen.
4188755	Liebst du deine Frau nicht?
4188756	Wo ist deine Pfeife?
4188761	Wirst du gut bezahlt?
4188785	Unterbrich niemals eine Frau.
4188789	Hat die Spülmaschine funktioniert?
4188792	Darf ich die Fenster öffnen?
4190397	Jemand wird dich retten.
4190398	Ich werde kommen, um dich zu retten.
4190399	Ich bin böse auf dich.
4190401	Ich bin gekommen, um dich zu töten.
4195216	Warum isst du kein Fleisch?
4195217	Glaubt uns jemand?
4195221	Wird uns jemand glauben?
4195672	War dir das bewusst?
4195676	Wo soll ich meine Taschen hinstellen?
4195694	Ich verdiene eine Beförderung.
4195695	Ich wurde verhaftet.
4195698	Habe ich dich beleidigt?
4195711	Vielleicht bist du zu jung.
4197381	Ist Tomi Vegetarier?
4197384	Kommt dir das bekannt vor?
4197387	Wo habe ich mein Auto geparkt?
4197512	Na, was meinst du?
4197518	Warum hast du Tomi geschlagen?
4201935	Gefällt dir diese Krawatte?
4201936	Gefällt dir diese Krawatte?
4201978	Wer hat hier das Sagen?
4203500	Diese Suppe ist zu salzig.
4203511	Tomi nahm ein Kissen und warf es nach Mari.
4203513	Tomi war wütend auf Mari.
4203524	Bist du verwundet?
4203525	Warte hier einen Moment, ja?
4203529	Manchmal ist mir schwindelig.
4203530	Manchmal ist mir schwindelig.
4203532	Die sind alle durchgedreht.
4208447	Tomi sagt, dass er Mari ein Geschenk kaufen möchte.
4208448	Tomi sollte Mari helfen.
4208450	Tomi möchte Mari sein altes Auto geben.
4208456	Tomi hat mir gesagt, dass er Mari nicht mag.
4211483	Wir haben den Feind unterschätzt.
4211517	Tomi wird dich nicht glücklich machen.
4240243	Tomi hat das Theaterstück nicht gefallen.
4240296	Bring deinen Werkzeugkasten mit.
4247585	Meiner Meinung nach ist Tomi gierig.
4248065	Schön, dich zu sehen.
4248080	Ich habe mein Bestes versucht.
4248091	Na, das hilft sehr.
4250126	Tomi nannte den Schiedsrichter dumm.
4250132	Tomi wirkt nicht besonders klug.
4258819	Ich habe Glück.
4259090	Liebe kann man nicht kaufen.
4259093	Tomi konnte es nicht verhindern.
4260365	Tomi war letzte Nacht schlecht gelaunt.
4260368	Wir sind bereit zu kämpfen.
4260371	Wir sind bereit zu kämpfen.
4261417	Dieser Ort ist großartig.
4261430	Wir werden dick.
4261431	Wir fangen an zuzunehmen.
4261432	Wir werden allmählich dick.
4263048	Alle sind oben.
4263057	Tomi gibt uns nicht die Schuld.
4263072	Tomi geht selten zu Konzerten.
4263073	Kinder ahmen ihre Eltern nach.
4263075	Ich habe keine Haustiere.
4266662	Das ist eine große Krise.
4266683	Das hat mich geärgert.
4266692	Tomi schaute auf seine Schuhe.
4266694	Tomi hat es dreimal gemacht.
4266714	Warte unten auf mich.
4274868	Ich hatte einen Albtraum von Vampiren.
4278781	Wer er wohl war?
4284001	Tomi zerriss den Brief.
4284004	Warten wir eine Stunde.
4298080	Ich bin nicht seltsam.
4298600	Das ist zu weit gegangen.
4298630	Das wird dich aufmuntern.
4298636	Tomi möchte Bankier werden, wenn er groß ist.
4298800	Alle Männer schlafen.
4298803	Zeig mir dein Tattoo.
4299627	Wir werden niemals nachgeben.
4299629	Tomi schoss mit seiner Waffe.
4299631	Tomi war schon immer stur.
4299634	Tomi versteckte sich in der Scheune.
4303476	Tomi arbeitet im Baugewerbe.
4303478	Tomi erklärte die Situation.
4303479	Wir erklärten die Situation.
4303861	Tomi hält sein Zimmer sauber.
4303872	Es ist ungewöhnlich warm.
4303999	Bleiben wir beim Plan.
4307924	Wir haben nicht genug Platz.
4307926	Das gehörte Tomi.
4307930	Ich habe mir von Tomi Geld geliehen.
4315406	Oh! Das sieht lecker aus.
4315430	Drück den Abzug.
4315450	Ich werde schon Arbeit finden.
4315453	Ich habe Angst im Dunkeln.
4315468	Tomi las ein Buch.
4316610	Du hast mich falsch verstanden.
4318080	Ich möchte reisen.
4318083	Das ist ziemlich ungewöhnlich.
4318084	Die Kinder haben Hausaufgaben.
4318085	Die Kinder haben Hausaufgaben.
4318089	Tomi hat nicht gut geschlafen.
4319418	Tomi sah albern aus.
4319421	Tomi sah lächerlich aus.
4319426	Tomi sah dumm aus.
4319429	Tomi hat nicht viel gegessen.
4325003	Die Preise sind gestiegen.
4325004	Die Preise sind gestiegen.
4325006	Tomi ist zelten gegangen.
4325009	Das soll eine Warnung sein.
4325011	Das war eine Warnung.
4328861	Sei nicht so anspruchsvoll.
4328866	Beherrsche dich.
4328871	Das war ziemlich aufregend.
4328872	Gehen wir bowlen.
4328877	Tomi zeigte zur Decke.
4328880	Tomi wollte mit dem Rauchen aufhören.
4328883	Sie tun nie etwas.
4340649	Tomi sollte sich schämen.
4340650	Das ist starkes Zeug.
4340654	Tomi könnte noch am Leben sein.
4340669	Ob das wohl stimmt?
4340670	Ob das wohl stimmt?
4340715	Der Leuchtturm ist dort.
4357289	Tomi kennt hier niemanden.
4359449	Tomi macht sich ständig über Mari lustig.
4359464	Das muss gemacht werden.
4359595	Tomi vertraut mir nicht.
4359605	Sie haben mich gemobbt.
4359606	Die haben mich gemobbt.
4359610	Gerate nicht in Schwierigkeiten.
4359618	Tomi wirkte verlegen.
4359624	Tomi sah verlegen aus.
4359700	Tomi legte seinen Hut auf den Tisch.
4359708	Deine Kinder sind bezaubernd.
4359709	Deine Kinder sind bezaubernd.
4359716	Vielleicht kaufe ich ein Fahrrad.
4359719	Vielleicht kaufe ich ein Fahrrad.
4359917	Die Polizei schnappte Tomi.
4360631	Tomi tat interessiert.
4364209	Tomi hustete leise.
4364212	Tomi hustete verhalten.
4364216	Ich kletterte über den Zaun.
4364221	Wir warteten ungeduldig.
4364232	Sie waren Deserteure.
4364236	Sie waren Frontdeserteure.
4364258	Das fühlt sich seltsam an.
4365678	Vergiss deine Jacke nicht.
4365705	Tomi trat in die Armee ein.
4366311	Vielleicht hast du mich falsch verstanden.
4366504	Mir fallen keine Alternativen ein.
4372199	Ich erinnere mich gut daran.
4372203	Warum wurde Tomi entlassen?
4372209	Das ist ein interessanter Gedanke.
4375957	Ich dachte, du hättest Hunger.
4376015	Ich verstehe deinen Standpunkt nicht.
4376270	Tomi verschlimmerte die Situation.
4391158	Stören wir dich?
4391160	Stören wir euch?
4391161	Stören wir dich?
4391162	Stören wir euch?
4391165	Ist es in Ordnung, wenn ich anfange?
4391167	Ist es okay, wenn ich anfange?
4391180	Tomi ist nur ein kleines bisschen größer als Mari.
4391207	Können wir das beschleunigen?
4391225	Bin ich unvernünftig?
4391227	Tomi verlangte eine Entschuldigung.
4401889	Es war eine anstrengende Woche.
4406712	Ich hasse Regen.
4406742	Es war ein langer Krieg.
4406749	Legt eure Waffen nieder.
4406754	Ich brauche einen Hut.
4409274	Es ist ein schlechter Zeitpunkt zum Verkaufen.
4409280	Ich habe eine Nachricht von Tomi bekommen.
4409298	Mir gefällt das auch nicht.
4409316	Ich werde mich schon daran gewöhnen.
4409318	Ich werde mich schon daran gewöhnen.
4409322	Ich repariere das.
4409324	Ich habe vor, das zu reparieren.
4409327	Ich habe dich unterschätzt.
4409350	Tomi war außer sich vor Wut auf Mari.
4409351	Tomi war außer sich vor Wut auf Mari.
4416907	Sie haben Sprengstoff.
4416912	Ich gehe schlafen.
4416920	Meine Schicht ist fast zu Ende.
4422075	Das könnte klappen.
4422609	Ich weiß nicht so recht.
4422610	Das bezweifle ich.
4423282	Ich bezweifle es.
4423292	Hey, hört alle zu.
4423293	Hey, was ist los?
4423294	Hey, was ist das Problem?
4423295	Hallo, lange nicht gesehen.
4423296	Hi, lange nicht gesehen.
4423297	Hey, ist alles in Ordnung?
4423299	Hey, schau dir das an.
4423304	Hey, warte einen Moment.
4423314	Hey, danke für alles.
4423315	Hey, mach die Tür auf.
4423320	Tomi, stimmt es, dass du mit Mari ausgehst?
4423324	Ich konnte mir das Gähnen nicht verkneifen.
4423331	Ich habe das gerade sauber gemacht.
4423333	Ich habe das gerade gereinigt.
4424153	Das ist ein guter Punkt.
4424172	Ich arbeite dort.
4424173	Mein Arbeitsplatz ist dort.
4424176	Das ist eine hässliche Krawatte.
4424181	Das ist ein guter Anfang.
4434317	Sei vorsichtig. Der Boden ist rutschig.
4434323	Ist es in Ordnung, wenn wir das Thema wechseln?
4434324	Tomi konnte nicht aufhören, Mari anzustarren.
4434644	Macht eine Pause, Jungs.
4434655	Meine Band spielt heute Nacht.
4434689	Es kam zu einer Schlägerei.
4439656	Wer wohl Tomi getötet hat?
4439671	Man kann nicht alles haben.
4446984	Tomi liebt Science-Fiction-Literatur.
4446985	Tomi liebt Science-Fiction.
4446992	Tomi zeigte Mari sein neues Handy.
4446997	Tomi wirkt unorganisiert.
4446998	Tomi würfelte.
4447002	Ich habe alle Handtücher zusammengelegt.
4447004	Halten wir uns an den ursprünglichen Plan.
4447005	Bleiben wir beim ursprünglichen Plan.
4455110	Tomi ist leicht beleidigt.
4477115	Wer sind Sie?
4516894	Er kommt bestimmt.
4532943	Der Bus ist gerade abgefahren.
4534480	Ich mag den Sommer nicht.
4534508	Tomi verlor seine Arbeit.
4534536	Mach bitte das Licht an.
4534552	Mein Reisepass wurde gestohlen.
4537759	Tomi bestrich eine Scheibe Brot mit Butter.
4562296	Meine Frau kocht.
4562316	Geh schlafen.
4584128	Habt ihr euch die Zähne geputzt?
4638917	Das ist mein Lieblingsfach.
4673727	Das ist mein Lieblingsfach.
4803589	Tomi trifft sich mit jemandem.
4812976	Musik erhellt unser Leben.
4835383	Halten wir uns an den Plan.
4835445	Der Sarg war leer.
4842069	Er hat das Unternehmen verlassen.
4880030	Tomi kaufte eine Waffe.
4880031	Tomi kaufte eine Schusswaffe.
4880039	Tomi kaufte eine Lederjacke.
4881794	Tomi trug sein Hemd absichtlich auf links, nur um Mari zu ärgern.
4884166	Ich liebe diese Band.
4884167	Ich liebe diese Musikgruppe.
4896588	Sie vertrauen mir nicht.
4896663	Bist du Model?
4917205	Ich kann nicht so gut singen wie Mari.
4920669	Möchtest du ins Kino gehen?
4920670	Willst du ins Kino?
4922660	Er war gerade im Begriff einzuschlafen.
4922863	Tomi hat eine doppelte Staatsbürgerschaft.
4932235	Was hat Tomi geantwortet?
4935853	So wurde es mir erzählt.
4935861	Ich fühle mich deswegen schrecklich.
4936434	Tomi verschwendet Ressourcen.
4936436	Diese sind echt.
4936437	Ich dachte genau dasselbe.
4936447	Ich habe Tomi ein Geschenk gekauft.
4936500	Tomi redet ständig über Mari.
4936502	Diebstahl ist eine Straftat.
4938212	Das wird das Leck abdichten.
4938213	Das wird das Leck stoppen.
4938215	Wo hast du dich versteckt?
4938230	In deinem Alter lebte ich in Boston.
4939652	Veränderung ist möglich.
4941346	Die Prüfung war wirklich schwer.
4941355	Versuchen wir, bei der Sache zu bleiben.
4941383	Warum hast du die Tür abgeschlossen?
4941406	Tomi ist Multimillionär.
4941448	Hast du dich darüber beschwert?
4941450	Kosten diese gleich viel?
4941452	Es musste nicht genäht werden.
4941458	Der Schmerz ist weg.
4941461	Meine Eltern waren Lehrer.
4943856	Darf ich die Toilette benutzen?
4949353	Tomi macht nur Spaß.
4949365	Wie konnte ich nur so dumm sein?
4949377	Ich werde versuchen, das im Hinterkopf zu behalten.
4949378	Ich werde versuchen, mir das zu merken.
4949405	Tomi war nicht böse auf dich.
4949418	Tomi passt sich schnell an.
4955055	Tomi sprach sehr schön.
4955072	Tomi ist wirklich redegewandt.
4958289	Du hast Tomi unterschätzt.
4958293	Du hast Tomi unterschätzt.
4958811	Welche Sprache verwendest du am liebsten?
4958812	Welche Sprache ist dir am liebsten?
4960425	Ich fahre mit dem Taxi nach Hause.
4960434	Mari strickt Tomi einen Pullover.
4960440	Das ist eine schöne Wohnung.
4960441	Das ist eine nette Bude.
4960444	Suchst du etwas?
4960445	Suchst du was?
4960450	Ich hasse diesen Stadtteil.
4962740	Gehen wir angeln!
4966847	Du siehst traurig aus.
4966848	Du siehst traurig aus.
4982408	Tomi verweigerte die Zusammenarbeit.
4985237	Ich gab Tomi meine Taschenlampe.
4989060	Tomi brach durch das Eis.
4989655	Er wurde in der Schlacht verwundet.
4992501	Tomi versuchte, Mari warm zu halten.
4995845	Ich weiß viel über Schiffe.
4997371	Die Konkurrenz ist hart.
4997380	Trag die Taschen nach oben.
4997392	Ich liebe es, Geschichten zu erzählen.
4997393	Ich erzähle gern Geschichten.
4997398	Wir beabsichtigen, es zu zerstören.
4997409	Ich habe mich vollständig erholt.
4998071	Du übertreibst immer.
4998093	Gehen wir frische Luft schnappen.
5000449	Wo findet das Picknick statt?
5000748	Ich wäre sehr dankbar.
5000764	Tomi, du trägst mein Hemd.
5000770	Tomi trägt Handschellen.
5000828	Wir hatten Glück.
5001467	Ich bin kein Nachtmensch.
5001469	Ich gehöre nicht zu den Nachtmenschen.
5001677	Steh auf, Tomi.
5005062	Finde heraus, woran es liegt.
5005849	Ich bin im Fluss geschwommen.
5007096	Ich hasse es, Junggeselle zu sein.
5008481	Könnte ich mir einen Stift ausleihen?
5008781	Ich tat so, als würde ich schlafen.
5008785	Ich bin etwas krank.
5008786	Ich bin ein bisschen krank.
5008806	Du bist bestimmt erschöpft.
5008877	Tomi ist ein Bulle.
5008886	Lass meine Hand nicht los.
5008920	Ich habe die Wahrheit gesagt.
5011452	Ich habe keine Angst vor dem Älterwerden.
5011455	Ich habe keine Angst davor, alt zu werden.
5013217	Unser Plan ist gescheitert.
5013218	Unser Plan ist gescheitert.
5013403	Das Feuer breitete sich schnell aus.
5029788	Ich möchte mehr über Tomi wissen.
5029803	Ich bin kein besonders guter Schwimmer.
5032001	Halte die Tür offen.
5040001	Ich möchte um einen Gefallen bitten.
5048760	Ich brauche dein Lob nicht.
5048822	Tomi war süß.
5050736	Tomi war äußerst krank.
5051325	Ich habe vergessen, es Tomi zu sagen.
5053446	Tomi hat Mittagspause.
5053465	Ich hatte etwas Hunger.
5055062	Tomi stand von der Bank auf.
5059697	Hast du das Erdbeben letzte Nacht gespürt?
5062233	Bereite dich auf das Schlimmste vor.
5062237	Sie wurden in Sicherheit gebracht.
5062238	Sie wurden evakuiert.
5062244	Wir hörten, wie die Tür aufging.
5062247	Was hat es verursacht?
5063426	Tomi starrt mich an.
5065637	Etwas machte Tomi Angst.
5065640	Du bist zu idealistisch.
5065654	Ich weiß, was du letzte Nacht getan hast.
5065656	Wir müssen das reparieren.
5065877	Tomi trank seinen Orangensaft.
5065881	Warum hassen Kamele Pferde?
5066104	Ich weiß alles über dich.
5066116	Warum Tomi Mari wohl nicht mag?
5066125	Schaust du Fußball?
5066126	Geben wir Tomi eine Chance.
5068390	Das wirst du bereuen!
5069390	Du solltest den Moment genießen.
5069399	Tomi ist ein kreativer Kerl.
5069401	Ich habe das Gefühl, Fortschritte zu machen.
5069414	Tomi wirkt unfreundlich.
5070852	Das Publikum brach in Gelächter aus.
5071249	Ich wollte Tomi retten.
5073227	Versuchen wir, Tomi zum Lachen zu bringen.
5073235	Ich bin nur knapp entkommen.
5075184	Hast du es Tomi gesagt?
5075191	Heute bin ich glücklich.
5081187	Das ist ein toller Film.
5081188	Das ist ein großartiger Film.
5086254	Wir machen den Rest.
5086256	Gib mir die Flasche.
5086573	Tomi ist ein super Chef.
5086577	Tomi ist ein großartiger Chef.
5089265	Tomi sah ungeduldig aus.
5089374	Ich mag Tomis Idee.
5089399	Tomi versprach, Mari ein Sandwich zu machen.
5093252	Wir haben dumme Fehler gemacht.
5093253	Du bist so dumm.
5093271	Tomi wirkt interessiert.
5095949	Du klingst genau wie ein Politiker.
5108080	Ich finde Tomi aggressiv.
5108095	Tomi hat keine Mikrowelle.
5108163	Tomi wird sich schon erholen.
5108846	Gehen wir in den Zoo.
5113017	Tomis Telefonnummer hat sich geändert.
5115804	Wessen Wohnung ist das?
5115811	Du bist nachlässig.
5115813	Du bist nachlässig.
5121080	Vielleicht versuche ich es.
5121085	Könntest du deinen Namen noch einmal sagen?
5121095	Wir haben uns darüber beschwert.
5121898	Französisch ist eine interessante Sprache.
5124365	Probier es aus, Tomi.
5124366	Probier es aus, Tomi.
5124367	Ich wurde allmählich wütend.
5124372	Dieses Bild ist wirklich lustig.
5128685	Bieg links ab.
5133886	Das hat Priorität.
5133887	Das steht an erster Stelle.
5133901	Wir sind nicht verantwortlich.
5137084	Hast du deinen Aufsatz rechtzeitig abgegeben?
5137118	Tomi leidet an Depressionen.
5137121	Hoffen wir, dass das reicht.
5138627	Ich hatte einen schrecklichen Tag.
5141317	Sei damit sehr vorsichtig.
5141581	Er sieht aus wie ein Skelett.
5141619	Darf ich um Ihre Aufmerksamkeit bitten?
5143168	Das Geschäft läuft.
5143189	Tomi fand es lustig.
5143191	Tomi wird woanders gebraucht.
5143546	Warum sollte Tomi lügen?
5146579	Du bist völlig verrückt.
5146580	Tomi war zu schüchtern, um mit Mari zu sprechen.
5149754	Stell den Tomatensalat in den Kühlschrank.
5155862	Tomi respektiert mich, glaube ich.
5155870	Alle wünschten mir Glück.
5156550	Tomi hatte es vergessen.
5156598	Ist es gut gelaufen?
5156602	Ist es gut gelaufen?
5156608	Ich habe keine Angst vor Schlangen.
5156613	Tomi ist ein Rebell.
5160266	Tomi machte Mari ein Sandwich.
5164811	Das Fenster ist kugelsicher.
5164824	Ich bin ein Morgenmensch.
5186618	Wie Tomi wohl reagieren wird?
5186626	Wollen wir spazieren gehen?
5189008	Das ist nicht so ganz mein Geschmack.
5198185	Ich schlief beim Radiohören ein.
5198186	Ich hörte Radio und schlief ein.
5199812	Ich aß mein Mittagessen im Park.
5201961	Tomi ließ Mari die Rechnung bezahlen.
5203685	Ich mag Fischstäbchen.
5204493	Tomi hat ein Problem.
5206290	Ich versuchte, Tomi zu beeindrucken.
5207577	Weißt du viel über Boston?
5208879	Ich weiß nicht, ob Tomi noch lebt.
5208880	Welche Farben magst du?
5208885	Tomi ist kurz davor einzuschlafen.
5210766	Wir haben unser Bestes gegeben.
5212350	Du beschwerst dich zu viel.
5212363	Menschen leiden immer noch Hunger.
5212372	Ich glaube nicht, dass Tomi beschäftigt ist.
5212394	Tomi schlug vor, eine Abschiedsfeier für Mari zu veranstalten.
5213173	Tomi bekommt graue Haare.
5216119	Die Situation ist jetzt völlig anders.
5216799	Tomi ist ein miserabler Sänger.
5216801	Das ist eine interessante Theorie.
5217917	Was für eine schöne Geschichte!
5224711	Du bist voller Energie.
5224716	Tomi hat lange blonde Haare.
5224717	Tomi ist noch im Gefängnis.
5243526	Im Winter schneit es.
5245973	Du solltest ein neues Messer kaufen.
5246592	Tomi sprach zur Menschenmenge.
5248292	Tomi war der Schlechteste.
5250025	Ich brauche einen langen Mittagsschlaf.
5250178	Wunder geschehen jeden Tag.
5250482	Ich bin keine Petze.
5251028	Ist Zucker Gift?
5254001	Tomi küsste Mari leidenschaftlich.
5254041	Tomi hämmert gegen die Haustür.
5254408	Darauf bin ich nicht stolz.
5254418	Mach das nicht zur Gewohnheit.
5254981	Lass dir die Haare schneiden.
5265846	Tomi zeigte Mari die Narbe an seinem Bein.
5266977	Du murmelst schon wieder.
5266978	Du nuschelst schon wieder.
5267005	Wir baten alle zu gehen.
5267007	Wir baten die Leute zu gehen.
5267008	Sei so schnell wie möglich.
5269035	Die Burg liegt jetzt in Trümmern.
5269644	Das ist eine gute Kamera.
5269653	Tomi hat nie darüber gesprochen.
5269663	Es ist noch nicht Frühling.
5269669	Das wird nie wieder passieren.
5269776	Das sind schwierige Fragen.
5274426	Tomi erklärte Mari den Plan.
5274542	Klopf an, bevor du hereinkommst.
5274548	Tomi wird dir nicht wehtun.
5274570	Ich versuchte, Tomi zu helfen.
5279372	Uns ist das Benzin ausgegangen.
5279373	Tomi wusste nicht, wie er reagieren sollte.
5279380	Ich meine es vollkommen ernst.
5279386	Tomi ging in die Küche.
5279688	Fangen wir hiermit an.
5279689	Fangen wir damit an.
5279691	Tomi wartet neben den Aufzügen.
5280414	Das ist wirklich einfach.
5287666	Es wurde abgesagt.
5287685	Ich verpfändete meine Kamera.
5287721	Ich habe ein Tattoo.
5287724	Ich habe ein Tattoo.
5287725	Ich habe ein Tattoo.
5287732	Tomi zeigte Mari ihr Tattoo.
5289289	Diese Puppe ist unheimlich.
5291050	Tomi wuchs in der Nähe von Boston auf.
5291056	Hast du Tomis neues Haus gesehen?
5292627	Ich bin schon eine Weile unterwegs.
5292638	Ich schluckte meinen Stolz hinunter.
5293615	Tomi möchte Junggeselle bleiben.
5295187	Das Wasser war eiskalt.
5295203	Ich dachte, Mari wäre Tomis Freundin.
5299875	Auf dem Gymnasium war Französisch mein Lieblingsfach.
5300955	Tomi bedankte sich höflich bei Mari.
5300956	Stellen wir das Sofa um.
5300957	Verschieben wir das Sofa.
5302586	Tomi möchte abnehmen.
5302602	Tomi wuchs in Boston auf.
5302610	Tomi ist ein Trinker.
5302615	Eine Eierschale zerbricht leicht.
5302618	Ich versuchte, dich zu warnen.
5303552	Versuch, höflich zu sein.
5303609	Ich möchte, dass Tomi mich respektiert.
5312077	Tomi spielt Golf.
5314286	Ich habe gehört, dass du reich bist.
5341544	Welche Mitbringsel hast du gekauft?
5343387	Tomi fährt gelegentlich nach Boston.
5352306	Warum hast du zugestimmt?
5352307	Warum hast du zugestimmt?
5364249	Möchtest du einen Keks?
5364255	Ich schaute in die Schachtel.
5364256	Ich habe eine Arbeit bekommen.
5364257	Ich habe eine Arbeitsstelle bekommen.
5364258	Ich habe Arbeit gefunden.
5368550	Du wirst nicht gefeuert.
5368551	Du wirst nicht entlassen.
5368558	Gehen wir irgendwohin und reden.
5369288	Lass mich das erledigen, Tomi.
5369808	Gehen wir ein bisschen frische Luft schnappen.
5377560	Ich habe alles getan, was ich konnte.
5377561	Ich habe alles getan, was ich konnte.
5377567	Tomi bedrohte Mari mit einer Waffe.
5377571	Zuerst war ich verwirrt.
5378461	Sei nicht überheblich.
5384351	Er weigerte sich, die Hand zu geben.
5384362	Tomi war am Boden zerstört, als Mari sagte, dass sie ihn verlasse.
5387090	Tomi mag Mari offensichtlich nicht.
5387106	Ich habe ein eigenes Unternehmen.
5391100	Das könnte ein Missverständnis sein.
5391110	Tomi gab Mari eine teure Puppe.
5391138	Was strickst du gerade?
5395392	Tomi starb im Krankenhaus.
5397344	Tomi hustete die ganze Nacht.
5398974	Tomi umarmte Mari.
5398975	Tomi wirkt engstirnig.
5401166	Ich habe gut geschlafen.
5402250	Versuch, dich zu beherrschen.
5402256	Ich bin nicht in Feierlaune.
5402418	Weißt du, was das verursacht?
5402431	Ich habe mir den Knöchel verstaucht.
5402480	Ich schaue sehr wenig fern.
5402482	Ich gucke echt wenig Fernsehen.
5415968	Ich habe mich verändert.
5415982	Tomi verlor seine Schuhe.
5416230	Das dauert ungefähr drei Stunden.
5416748	Er wird bestimmt Erfolg haben.
5416782	Wir haben es nicht eilig.
5416788	Ich habe nicht zu viel getrunken.
5416793	Tomi fing an zu erbrechen.
5425149	Tomi ist dagegen.
5425157	Ich habe das nicht oft benutzt.
5425161	Das war ein schwieriger Tag.
5425190	Für jeden gibt es zwei Stücke Pizza.
5426307	Sie stimmten dem zu.
5426320	Liebe ist etwas Schönes.
5426675	Das wäre hilfreich.
5426678	Wir saßen da und warteten.
5432160	Tomi würde es lieben.
5432203	Hast du jemanden getötet?
5433536	Das Gefäß ist leer.
5433541	Tomi gestand, Mari getötet zu haben.
5437666	Ist das unvernünftig?
5441807	Wir werden verfolgt.
5441813	Kannst du lauter sprechen?
5443120	Ich habe eine neue Technik gelernt.
5443138	Hast du deine Ziele erreicht?
5443159	Tomi versuchte, Mari zu trösten.
5443175	Früher war ich Tomis Babysitter.
5444769	Du hast Angst vor der Wahrheit.
5451730	Tomi ist auf dem Schiff.
5451794	Tomi nahm die Maske vom Gesicht.
5451804	Das wird nicht passieren.
5451841	Tomi wirkt vorbereitet.
5463374	Tomi lachte über den Gedanken.
5463376	Tomi lachte über die Idee.
5463454	Danke für die Einladung, Tomi.
5463469	Das war wirklich einfach.
5463471	Das war echt einfach.
5463530	Das ist nagelneu.
5465785	Ich hasse lange Reden.
5465905	Tomi wirkte nicht wütend.
5466649	Denk daran, die Toilettenspülung zu betätigen.
5468480	Ich brauche Ratschläge.
5468483	Ich brauche einen Rat.
5468527	Hey, entspann dich.
5468529	Ruhig, ruhig.
5468548	Öffnen wir eine Flasche Wein.
5468552	Ich habe genug von deinem Gejammer.
5468556	Tomi schlug Mari.
5482835	Tomi wird so überrascht sein.
5482837	Fangen wir jetzt an?
5482838	Fangen wir jetzt an?
5482962	Tomi beschloss, nie wieder mit Mari zu sprechen.
5487859	Tomi gab Mari die Flasche.
5489839	Tomi ist der kluge Kopf unserer Firma.
5497917	Du bist ein kluger Kerl.
5497933	Das Haus war von Feldern umgeben.
5497938	Tomi versprach zu warten.
5497953	Tomi hat viele Möglichkeiten.
5507277	Vielleicht können wir bei Tomi mitfahren.
5507447	Was für eine tragische Geschichte!
5512897	Tomi ist schüchtern.
5512920	Zuletzt geschah es im Jahr 2013.
5515957	Sie erwägt eine Reise.
5523610	Das war meine Idee.
5523624	Wir haben alle geweint.
5525464	Du weißt nichts über mich.
5526397	Habe ich dich eingeladen?
5526399	Habe ich dich eingeladen?
5526540	Du gehst ein ziemliches Risiko ein.
5528816	Tomi bedankte sich bei Mari.
5528825	Hupe.
5528864	Das ist aus der Bibel.
5528885	Sie könnten sich irren.
5539318	Wir befolgten die Befehle.
5539351	Tomi erstellte eine Liste.
5539371	Tomi ist hilfreich gewesen.
5543533	Mari träumte davon zu heiraten.
5543534	Mari träumte von einer Hochzeit.
5545482	Das macht wirklich Spaß.
5548906	Wir müssen fliehen.
5548941	Die Reise hat wirklich Spaß gemacht.
5550503	Ich hatte Glück.
5552226	Ich gehe jeden Tag schwimmen.
5556481	Der Plan hat sich geändert.
5557050	Hast du neue Freunde gefunden?
5561452	Mir wird schwindelig.
5606603	Wir beschlossen, es geheim zu halten.
5612046	Mari ist Tomis engste Freundin.
5613741	Brauchst du eine Sonnenbrille?
5613746	Tomi wuchs in einem Waisenhaus auf.
5625553	Tomi antwortete diplomatisch.
5625845	Das Feuer breitet sich aus.
5625849	Deine Idee ist gut.
5625860	Du solltest dich schämen, Tomi.
5625864	Niemand war überrascht.
5626790	Könntest du mein Freund sein?
5626791	Tomi wirkt verzweifelt.
5626814	Das fühlte sich gut an.
5626948	Tomi wurde Chirurg.
5629120	Tomi erklärte Mari die Regeln bis ins Detail.
5635724	Ich mache selten Fehler.
5641144	Hast du irgendwelche Beweise?
5641147	Ich habe einen zehnjährigen Sohn.
5641148	War Tomi Seemann?
5641152	Tomi war leidenschaftlich.
5645031	Das ist gut genug.
5648241	So hat man es mir gesagt.
5648242	Das zu tun wäre Zeitverschwendung.
5648562	Tomi wurde japanischer Staatsbürger.
5649611	Ich möchte mehr Essen.
5654881	Tomi bringt Dinge voran.
5671012	Wir haben auch größere Probleme.
5671030	Reden wir über Liebe.
5671051	Gehst du für immer weg?
5672834	Mari sieht aus wie ihre Mutter, aber ihr Charakter ist ganz anders.
5673584	Tomi arbeitet bei einer Versicherungsgesellschaft.
5673617	Tomi gab Mari das Geld, das zur Rückzahlung der Schuld nötig war.
5677330	Tomi wurde bei der Explosion verletzt.
5683802	Tomi wirkt enttäuscht.
5683803	Ich schwimme gern.
5683812	Tomi und Joni sind Mitbewohner.
5700699	Ich liebe dich jetzt und für immer.
5704402	Tomi hasst uns.
5712030	Ich habe ein kleines Geschenk für dich.
5712041	Möchtest du ein Bier?
5729298	Eröffnet das Feuer!
5731512	Dieses Fahrrad gehörte früher Tomi.
5731525	Ich sehe in Jeans nicht gut aus.
5734737	Tomi hatte keine Rettungsweste.
5758901	Wir können nur beten.
5760779	Die Hundehütte ist neu.
5760792	Ich habe gehört, dass Tomi ein Auto gestohlen hat.
5760809	Tomi fährt uns hin.
5766365	Du riechst schrecklich.
5766375	Rede mit niemandem darüber.
5768180	Tomi spielt gern Schach.
5768206	Tomi ruhte sich einen Moment aus.
5770334	Tomi starrte in den Himmel.
5770335	Tomi betrachtete den Himmel.
5772990	Tomi öffnete die Tür des Lastwagens.
5772999	Verkauf mir das.
5775529	Komm sofort nach Hause.
5775532	Das ist nicht ganz groß genug.
5776106	Ist Tomi verrückt geworden?
5780897	Drücken wir die Daumen.
5780912	Tomi trug einen grauen Anzug.
5780945	Mari trägt kein Make-up.
5783708	Tomi hat die Toilette nicht gespült.
5783710	Sogar Tomi sah besorgt aus.
5790337	Ich empfehle es wärmstens.
5792045	Möchtest du zu der Feier kommen?
5792048	Tomi war Seemann.
5796690	Ich baue einen Nistkasten.
5807862	Du hast Farbe auf deinem Hemd.
5807863	Denk daran, das Licht auszumachen.
5807970	Wie lautet der Plan?
5811067	Wann hat Tomi zuletzt das Auto gewaschen?
5811082	Ich würde ihnen nicht vertrauen.
5811083	Tomi rückte näher an Mari heran.
5820475	Ich habe es gerade noch rechtzeitig geschafft.
5820480	Ich saß auf der Bank und wartete.
5820488	Im Kühlschrank ist Orangensaft.
5820506	Alle hatten Spaß.
5827409	Es fließt kein Blut.
5843383	In welcher Sprache denkst du?
5854252	Wenn das nur wahr wäre.
5856957	Wem vertraust du?
5856968	Warum wollt ihr uns töten?
5856979	Ich habe schon gepackt.
5945990	Tomi sah entsetzt aus.
6089059	Tomi machte Mari ein Angebot, das sie nicht ablehnen konnte.
6089066	Ich bin erst Anfänger.
6093766	Ich möchte niemals Kinder haben.
6100632	Tomi hatte liebevolle Eltern.
6109007	Tomi benutzte unangemessene Ausdrücke.
6112630	Du verschwendest deine Zeit.
6144055	Du bist zu früh angekommen.
6145218	Tomi stahl ein Boot.
6151383	Glaub nicht alles, was du hörst.
6156656	Das stört mich nicht.
6159169	Ich schneide meine Haare selbst.
6161868	Tomi spielt als Hobby Golf.
6162014	Tomi hat Mari etwas zu sagen.
6162043	Ich habe nicht besonders viel Glück.
6162776	Wir gehen ins Stadtzentrum.
6176649	Dieser Stuhl ist kaputt.
6307171	Mari möchte einen Freund haben.
6403237	Wir stiegen ins Auto.
6403505	Tomi gab Mari die Schere.
6405047	Die drei Frauen lächelten.
6441801	Ich bin ein Partytier.
6441802	Ich habe nicht zu Mittag gegessen.
6441805	Ich brauchte Hilfe.
6442453	Ich rannte die Treppe hinauf.
6442457	Ich ging zum Strand.
6448767	Das ist eine Puppe.
6489677	Tomi kaufte Mari Blumen und Schokolade.
6563884	Könntest du die Wäsche waschen?
6564219	Ich warnte Tomi.
6565159	Wir mieteten ein Kanu.
6566236	Tomi weckte Mari.
6568184	Das war einfach.
6568217	Das ist nicht so einfach.
6569724	Wir ruhen uns bald aus.
6574569	Tomi mag keinen Jazz.
6575449	Ich verstehe das Problem.
6575543	Ich wurde auf einem Schiff geboren.
6577834	Ich zog meine Schuhe aus.
6581923	Du bist in Gefahr.
6581944	Ich bin intelligent.
6584242	Ich liebe das Hemd dort.
6584529	Es ist in meiner Tasche.
6584530	Es ist in meiner Tasche.
6585898	Ich hasse den Montag.
6586011	Lebt die Schlange?
6589468	Wer hat diese Puppe gemacht?
6604421	Unser Chef genehmigte unseren Plan.
6604422	Unser Chef genehmigte unseren Plan.
6607033	Du bist egoistisch.
6607035	Du bist selbstbezogen.
6607036	Wir sind beidhändig.
6607044	Wir hörten Schüsse.
6610387	Mein Zuhause liegt nahe am Park.
6610412	Tomis Zimmer ist nicht besonders ordentlich.
6610450	Ich mag alt sein, aber ich bin nicht verrückt.
6610452	Ich bin vielleicht alt, aber nicht verrückt.
6616338	Tomi ist viel stärker als Mari.
6616380	Bist du älter als Tomi?
6617805	Tomis Frau verstarb letzte Woche.
6617808	Tomi ist eindeutig ein Anfänger.
6620042	Er war müde, arbeitete aber weiter.
6620092	Tomi öffnete die Schachtel.
6621496	Tomi gab Mari die Broschüren.
6622082	Darf ich heute Nacht auf deinem Sofa schlafen?
6629240	Du machst Witze, oder?
6629252	Die Entscheidung war einfach.
6629329	Ich hasse meine Familie.
6629919	Tomi und Mari haben beide dunkle Haare.
6629994	Eine schöne Halskette.
6631374	Tomi zeigte Mari ein Foto von Joni.
6631455	Tomis Erklärung war zu kompliziert.
6631456	Meine Haare sind nicht so lang wie Tomis.
6631466	Tomi steht hinter Mari.
6631572	Ich kann nicht glauben, dass schon Sommer ist.
6633627	Beide haben überlebt.
6633748	Sie trinken viel.
6634893	Ich hätte zur gestrigen Besprechung gehen sollen.
6636425	Komm nach Boston zurück.
6636462	Ich war traurig, aber Tomi munterte mich auf.
6636512	Ich habe einen Schlüssel gefunden.
6636513	Der Schlüssel ist gefunden.
6636518	Tomi ist dein Freund, oder?
6636527	Tomi hat eine riesige Summe für wohltätige Zwecke gespendet.
6636550	Ich habe einen Sohn.
6636556	Was fressen Wale?
6636847	Ich bin nicht so reich wie Tomi.
6637236	Ich muss rennen.
6637265	Tomi erzählt sehr gern Geschichten.
6640195	Ich wohne jetzt in Boston.
6669720	Ich bin erfahren.
6669754	Das würde ich nicht sagen.
6671381	Ich war barfuß.
6671643	Ich bin immer noch skeptisch.
6671644	Ich bezweifle es immer noch.
6671645	Ich zweifle immer noch an der Sache.
6671647	Ich hasse Heuchler.
6671651	Wir waren frisch verheiratet.
6671707	Ich wohne im Norden.
6671710	Sie hörten Schüsse.
6671717	Du bist seltsam.
6671920	Es ist nicht kalt.
6672113	Ich sage nicht, dass es Tomis Schuld war.
6676970	Ich glaube, das wird Zeit brauchen.
6677879	Tomi geht fast jeden Tag in den Supermarkt.
6677887	Du bist traurig.
6679347	Ich habe mich über deinen Brief gefreut.
6682589	Ich habe dir nicht geglaubt.
6682609	Ich kann es ohne deine Hilfe tun.
6684441	Tomi kommt am Montag zurück.
6684472	Ich wurde auf einem Schiff geboren.
6684532	Macht euch Notizen.
6690508	Tomi schlägt Mari.
6690723	Wäre ich doch intelligent.
6692327	Tomi ist ein Freund des jüngeren Bruders meiner Frau.
6692447	Iss das nicht.
6692464	Sprecht ihr Französisch?
6695304	Wie alt sind deine Geschwister?
6695306	Wie alt sind deine Brüder?
6697119	Ich war noch nie im Ausland.
6697121	Ich bin noch nie im Ausland gereist.
6700655	Ich bin gestern hierhergezogen.
6701458	Heute Morgen bin ich mit dem Fahrrad zur Arbeit gefahren.
6702455	Du hast ein wirklich schönes Zimmer.
6704301	Tomi, ich respektiere dich.
6704350	Ich habe ihr eine Puppe gemacht.
6704357	Ich bin tolerant.
6712166	Tomi scheint immer schlechte Laune zu haben.
6719414	Tomi verliebte sich in die Freundin seines besten Freundes.
6719428	Wir müssen herausfinden, wer das Auto gefahren hat.
6719478	Ich habe dir vertraut.
6728101	Tomi ist kalt und er ist müde.
6728140	Lass nicht alles bis zur letzten Minute liegen.
6729727	Wir haben beide gelacht.
6771741	Diese Brücke ist völlig sicher.
6779585	Tomi wieherte vor Lachen.
6790526	Wir müssen äußerst vorsichtig sein.
6790791	Ich sage Tomi, dass du angerufen hast.
6793795	Tomi wurde rot, als Mari ihn anlächelte.
6793917	Tomis Eltern mögen mich nicht.
6793918	Tomis Eltern mögen mich nicht.
6793920	Tomi hat einmal versucht, mich zu küssen.
6800408	Wie einfach ist es, in Australien eine Schusswaffe zu kaufen?
6800416	Tomi ist der älteste der drei Brüder.
6800418	Tomis Nachname ist möglicherweise Jackson.
6826106	Du hast ein schönes Zuhause.
6826110	Tomi versuchte, die Tür zu öffnen, aber sie war verschlossen.
6826117	Ich dachte, es wäre schön, Tomi zu überraschen.
6826123	Wie ist dein Date mit Tomi gelaufen?
6829006	Ich bin sicher, dass Tomi mich hassen wird.
6829009	Ich bin sicher, dass Tomi mich hassen wird.
6829056	Tomi sah sich um, sah aber niemanden.
6829116	Ich wollte nicht singen, aber Tomi bat mich darum, also sang ich.
6829117	Ich wollte nicht singen, aber Tomi hat mich gebeten, also habe ich gesungen.
6829121	Ich finde, Tomi ist zu ehrgeizig im Wettbewerb.
6830092	Tomi erbrach sich, weil er zu viel getrunken hatte.
6830210	Ich war noch nie in einem französischsprachigen Land.
6833288	Tomi kauft selten teure Kleidung.
6833296	Wovor hast du am meisten Angst?
6833381	Tomis Wohnung hat drei Schlafzimmer.
6855041	Hoffentlich hat Tomi genug Zeit dafür.
6855046	Gib mir das Gewehr.
6855074	Tomi gab Mari ein Buch über Australien.
6858961	Ich weiß, warum Tomi so erfolgreich gewesen ist.
6858964	Ich weiß, warum Tomi so erfolgreich ist.
6858970	Die Arbeit war einfach, weil ich schon früher ähnliche Arbeiten gemacht hatte.
6862372	Tomi sagte dasselbe.
6862392	Tomi und Mari sind beide reich.
6862403	Du hast versprochen, Tomi dabei zu helfen.
6862406	Du hast versprochen, Tomi dabei zu helfen.
6864151	Hat Tomi dir erzählt, was passiert ist?
6864171	Wir müssen dieses Chaos aufräumen.
6864178	Tomi reiste einige Monate lang durch Australien.
6864179	Ich bin nicht besonders selbstsicher.
6864180	Ich habe nicht besonders viel Selbstvertrauen.
6865419	Wie kommt das Projekt voran?
6865420	Wie kommt das Vorhaben voran?
6865424	Das ist ein unsinniger Gedanke.
6865429	Tomi spricht viel besser Französisch als Englisch.
6865430	Es sieht so aus, als würde Tomi dich nicht besonders mögen.
6865433	Ich fand es eine spannende Geschichte.
6865467	Ich bin oft in Boston.
6865468	Benutzt ihr Facebook?
6875888	Tomi sieht etwas verwirrt aus.
6875895	Tomi mag Maris Hund nicht.
6877774	Entschuldigung, dass ich unterbreche.
6877790	Ich habe einen Kanadier namens Tomi kennengelernt.
6877919	Tomi verschwand in der Menschenmenge.
6877920	Mari ist eine äußerst schöne Frau.
6877925	Ich sah eine Explosion.
6877929	Tomi kam aus Australien zurück.
6877937	Ein Bienenschwarm griff Tomi an.
6877939	Sie sind alle in Sicherheit.
6877942	Jedes Mal, wenn ich diesen Film sehe, weine ich.
6877943	Ich weine immer, wenn ich diesen Film sehe.
6877944	Ich möchte mit jemandem reden.
6877948	Tomi ist sonntagabends gewöhnlich zu Hause.
6877953	Willst du nicht, dass Tomi davon weiß?
6877955	Tomi und ich sind beide Vegetarier.
6877964	Tomi ist ein bekannter Sänger.
6879605	Tomis Entscheidung hat uns überrascht.
6879607	Tomi macht nichts anderes, als Comics zu lesen.
6881473	Das ist eine riesige Aufgabe.
6881475	Das ist eine lustige Geschichte.
6881489	Ich bin Tomi, Maris Mann.
6881492	Ich bin Tomi, Maris Ehemann.
6881537	Ich habe Zahnschmerzen und möchte zum Zahnarzt gehen.
6883716	Ich habe welliges Haar.
6883717	Warum um alles in der Welt hast du das getan?
6883719	Tomi kann keine Geheimnisse für sich behalten.
6886640	Ich möchte etwas Feuerwerk kaufen.
6886648	Ich hatte einen geschäftigen Nachmittag.
6886649	Mein Nachmittag war geschäftig.
6886651	Mein Lehrer brachte mich nach Hause.
6886653	Mein Lehrer fuhr mich nach Hause.
6887734	Ich habe gehört, dass du Französisch sprechen kannst.
6887738	Ich bin ein wohlhabender Mann.
6887750	Tomi wirkte beschäftigt.
6887752	Wir haben reichlich Essen.
6889170	Früher habe ich Tomi respektiert.
6889191	Tomi landete in Boston.
6889200	Ich möchte die Ursache des Unfalls wissen.
6889203	Ich werde Tomi nicht vermissen.
6889216	Ich habe gerade gute Nachrichten bekommen.
6892948	Sitzt die Jacke gut?
6892959	Ich bin ein sehr schüchterner Mensch.
6892981	Ich habe Tomi nicht die ganze Wahrheit gesagt.
6892986	Ich habe einen furchtbaren Kater.
6892988	Ich habe einen furchtbaren Kater.
6893024	Ich gehe oft mit Tomi joggen.
6896075	Ist der Schmerz unerträglich?
6896076	Tomi hat einen behaarten Rücken.
6896545	Ich habe mich geschämt.
6896546	Ich empfand Scham.
6896549	Isst du manchmal mit Tomi zu Mittag?
6897029	Tomi umarmte seinen Vater.
6897031	Tomis Brüder sind noch im Gefängnis.
6897034	Ich versuchte, Tomis Alter zu erraten.
6897039	Dieses Gemälde werde ich nicht verkaufen.
6897047	Stell diese Bücher nicht um.
6901281	Ich hoffe, Tomi wird mich verstehen.
6901284	Tomi ist böse auf dich.
6901285	Tomi hätte gern geholfen.
6901314	Ich weiß, dass du deine Arbeit hasst.
6909021	Es war ein perfekter Morgen.
6909038	Wir müssen uns ausruhen.
6909042	Tomi wird das zu schätzen wissen.
6909043	Tomi weiß das zu schätzen.
6909058	Ich mag kein kaltes Wetter.
6909062	Tomi und Mari sind beide sehr intelligent.
6909065	Ich landete im Gefängnis.
6909566	Tomi wollte dich nicht treffen.
6909568	Tomi schreibt uns selten.
6909573	Tomi war in sehr schlechter Verfassung.
6909581	Ich fände das nicht angemessen.
6915863	Tomi ist ein Lügner.
6915864	Tomi nahm es nicht mit.
6915869	Wir hätten sorgfältiger planen sollen.
6916016	Das ist mein Favorit.
6916017	Das ist mein Liebling.
6916018	Das ist ein schöner Anzug.
6916105	Ich schäme mich für meine Vergangenheit.
6916107	Ich schäme mich für meine Vergangenheit.
6916112	Tomi und Mari waren beide verwirrt.
6916124	Tomi wusch die Kartoffeln.
6916647	Als ich aufwachte, hatte ich einen steifen Nacken.
6916651	Fühlst du dich hier sicher?
6924738	Tomi wohnt seit 2013 bei uns.
6924741	Tomi wohnt seit zweitausenddreizehn bei uns.
6924758	Wir haben aus unseren Fehlern gelernt.
6924761	Sie wurde in einem kleinen Dorf geboren.
6924766	Tomi war viel geduldiger als ich.
6924773	Das war etwas peinlich.
6924850	Tomi frühstückt noch.
6924852	Tomi leistet ehrenamtliche Arbeit.
6924853	Tomi arbeitet ehrenamtlich.
6924858	Das klingt nach einer ausgezeichneten Idee.
6924860	Gehen wir so bald wie möglich los.
6925654	Mach keinen Lärm.
6926961	Ich liebe dieses Lied.
6926962	Dieses Lied ist toll.
6930341	Ich war noch nie zuvor auf einem Schiff.
6930342	Warum sollte mich jemand küssen?
6930571	Tomi hat ebenfalls Spaß.
6930572	Auch Tomi hat Spaß.
6930581	Ich habe diesen Film dreimal gesehen.
6930584	Beide Mädchen brachen in Tränen aus.
6930588	Tomis Kinder können kein Französisch.
6930590	Ich habe dir nichts vorgeworfen.
6930591	Warum hast du Tomi angelogen?
6930592	Warum hast du Tomi angelogen?
6930594	Wir haben dir etwas zu zeigen.
6930596	Ich will nicht, dass Tomi leidet.
6930599	Ich will nicht, dass Tomi leidet.
6930602	Er scheint Student zu sein.
6930603	Ich möchte heute nicht zur Arbeit gehen.
6936065	Ich liebe diesen Becher.
6936066	Diese Tasse ist toll.
6936068	Könnte ich eine Tasse Tee bekommen?
6936074	Tomi ist viel kleiner als du.
6936076	Erinnerst du dich, was passiert ist?
6936077	Ich habe viel Zeit mit Tomi verbracht.
6936090	Ich lebe seit zehn Jahren im Ausland.
6936104	Ihnen gefällt die Idee.
6936111	Tomi sagte, dass er keinen Durst habe.
6940361	Ist das überhaupt möglich?
6940363	Ich glaube, Tomi hat Hunger.
6940366	Die Statue wurde beschädigt.
6940367	Ich glaube daran.
6940375	Das ist eine einfache Arbeit.
6940377	Tomi muss jetzt schlafen.
6941724	Welche Lösung ist die beste?
6941730	Tomi hat mir einen Kuchen gebacken.
6941731	Tomi gab zu, dass ich recht hatte.
6941733	Tomi hätte Danke sagen sollen.
6941734	Wir sind nicht wütend.
6941748	Tomi ist Maris Bruder.
6941752	Ich wollte es Tomi erzählen, habe es aber vergessen.
6941755	Ich wollte es Tomi erzählen, habe es aber vergessen.
6943879	Hey, das musst du sehen.
6943880	Hey, das musst du sehen.
6943883	Tomi hat beschlossen, einen Privatdetektiv zu engagieren.
6943889	Das verursacht Probleme.
6943896	Wenn es morgen schneit, baue ich einen Schneemann.
6944691	Tomi wird uns eine Geschichte erzählen.
6944702	In den meisten Teilen der Welt wurde die Sklaverei abgeschafft.
6944703	Tomi hat mir eine interessante SMS geschickt.
6944792	Gib mir einen Donut.
6944803	Was für Spiele entwickelst du?
6944806	Ich versuche herauszufinden, wo Tomi das Geld versteckt hat.
6944817	Tomi versuchte, Mari eifersüchtig zu machen.
6944854	Tomi ist mein Freund.
6944855	Tomi ist mein Freund.
6944881	Wir reisten durch Australien.
6944885	Wir sind durch Australien gereist.
6944889	Er reiste um die Welt.
6945234	Diese Männer starben.
6946869	Tomi könnte in ernsthaften Schwierigkeiten stecken.
6946873	Du kannst so lange hierbleiben, wie du möchtest.
6946874	Tomi war nicht schwindelig.
6946878	Tomi war voller blauer Flecken.
6947622	Erzähl deinen Freunden davon.
6948830	Unter dem Bett ist kein Platz.
6948838	Ich verstehe etwas Französisch, kann es aber nicht sprechen.
6948938	Ich sehe es jeden Tag.
6948939	Tomi sagte, er habe etwas Seltsames gefunden.
6948945	Es war kein besonders heftiger Sturm.
6948949	Tomi fragte sich, warum Mari so spät dran war.
6948962	Ich war etwas nervös.
6950808	Tomi kann auch Französisch sprechen.
6950811	Sie sahen etwas Seltsames.
6950819	Ein guter Punkt.
6950827	Tomi ist unglaublich dumm.
6950848	Tomi goss Wein in drei Gläser.
6950860	Alle reden über dich.
6950862	Hier ist eine kurze Beschreibung.
6950863	Wenn es doch nur ein Witz wäre.
6950864	Ich traf Tomi am Morgen.
6950866	Tomi ist ein lieber Freund.
6950873	Ich spreche nicht so gut Französisch wie Tomi.
6952495	Ob Tomi wohl singen möchte?
6952496	Tomi wurde zu der Feier eingeladen.
6952521	Du hast keinen Grund zur Sorge.
6952523	Welche Sprachen kannst du sprechen?
6952525	Muss ich umsteigen?
6952526	Muss ich den Zug wechseln?
6952528	Ich saß hinter Tomi.
6952529	Ich saß hinter Tomi.
6952534	Tomi braucht mehr Geld.
6952537	Tomi und Mari unterhielten sich die ganze Nacht miteinander.
6952538	Tomi hat einen neuen Chef.
6955755	Tomi will uns töten.
6955764	Ich muss vor der Reise einige Impfungen bekommen.
6955769	Tomi und ich sind beide bereit.
6955771	Tomi und Mari hatten beide recht.
6955772	Kann man das reparieren?
6955773	Lässt sich das reparieren?
6955789	Tomi verschwand in der Dunkelheit.
6955824	Der Gedanke erschütterte Tomi.
6955826	Tomi spricht gern über Mari.
6955827	Tomi sieht ziemlich gut aus.
6957631	Wir waren nur zufällig dort.
6970649	Sie gingen in den Wald.
6970657	Tomi hat in letzter Zeit nicht genug gegessen.
6970662	Ich habe dieses Buch letzten Monat in Boston gekauft.
6970669	Ich habe dieses Buch letzten Monat in Boston gekauft.
6970673	Wie lange Tomi wohl schon dort sitzt?
6970674	Wie lange Tomi wohl schon dort sitzt?
6970680	Das ist kein perfektes System.
6970780	Warum trägst du eine Waffe?
6970979	Tomi gab zu, Mari angelogen zu haben.
6970980	Tomi gab zu, dass er Mari angelogen hatte.
6971030	Ich liebe Filme mit einem glücklichen Ende.
6973633	Tomi ist der beste Schwimmer, den ich kenne.
6973644	Mein Mann und meine Tochter schlafen tief und fest.
6973773	Meine Mutter ist gerade sehr beschäftigt.
6973774	Meine Mutter ist gerade echt beschäftigt.
6973798	Tomi begann vor etwa drei Jahren, Französisch zu lernen.
6974914	Tomi trinkt gelegentlich etwas Wein.
6992391	Ich finde deinen Bart göttlich.
6996337	Wir haben uns darum gekümmert.
6996347	Du bist unhöflich.
6996462	Dasselbe ist mir passiert.
7003130	Was machte Tomi Angst?
7003141	Ich sah eine Schlange.
7006743	So funktioniert das nicht, Tomi.
7006748	Ich bin auf einem Bauernhof aufgewachsen.
7006794	Die Wäsche kann warten.
7024255	Warst du wütend?
7024257	Schauen wir uns die Tatsachen an.
7024258	Schauen wir uns die Fakten an.
7024308	Wir brauchen das.
7026864	Das war eine schreckliche Erfahrung.
7033820	Du liegst nicht im Sterben.
7033821	Ich brauche ein Büro.
7036273	Warum brauche ich Hilfe?
7080285	Du bist nicht hässlich.
7080286	Du bist nicht hässlich.
7080332	Ich mag Rothaarige.
7082255	Tomis Türklingel läutete.
7083481	Ich brachte Tomi Französisch bei.
7087092	Tomi hörte die Schüsse.
7087121	Ist die Sache jetzt klar?
7089949	Ich bin erwachsen.
7096048	Ich bekomme eine Glatze.
7096475	Wähle eine Waffe.
7104598	Euch ist vergeben.
7139117	Tomi will nicht helfen.
7139132	Tomi sah die Waffe.
7141257	Tomi hat es schwer.
7167174	Tomi schämte sich für dich.
7181533	Wir gehen das Risiko ein.
7181536	Wir gehen das Risiko ein.
7216435	Bitte steh nicht.
7224184	Ich habe einen neuen Job.
7244175	Tomi schlief wieder ein.
7249447	Sollen die Haare gewaschen werden?
7249451	Ich hole Tomi ab.
7250317	Ich werde verlieren.
7331172	Tomi beschützte Mari.
7347628	Isst du Schweinefleisch?
7347631	Isst du Schweinefleisch?
7349489	Ich habe nicht mein Bestes gegeben.
7349504	Jemand muss es tun.
7363802	Ich habe vor, ewig zu leben.
7428164	Ich verirre mich immer.
7428173	Fäll den Baum dort.
7452255	Tomi wurde reich.
7452269	Warum bist du nicht bei der Arbeit?
7459543	Tomi ist jetzt 13 Jahre alt.
7480517	Tomi hat sich gut geschlagen.
7480523	Ich könnte mich in dich verlieben.
7485143	Warst du Soldat?
7485144	Warst du Soldat?
7485170	Das ist eine Verbesserung.
7529374	Du bist ineffizient.
7534050	Tomi fiel vom Dach.
7559325	Das wäre verrückt.
7559328	Ich arbeite gerade an einem Projekt.
7559341	Das geht aufs Haus.
7559342	Das geht aufs Haus.
7576522	Ich habe nicht gesprochen.
7576528	Alles verändert sich gerade.
7585745	Das war unrealistisch.
7585855	Tomi war nicht auf der Feier.
7589752	Ich werde allmählich ziemlich müde.
7591705	Was ist gerade passiert?
